customer_id,risk_score,risk_tier,decision,top_risk_factors
C5000,34.65,LOW,APPROVE,None (Low Risk)
C5001,3.3,LOW,APPROVE,None (Low Risk)
C5002,12.05,LOW,APPROVE,None (Low Risk)
C5003,16.15,LOW,APPROVE,None (Low Risk)
C5004,20.799999999999997,LOW,APPROVE,None (Low Risk)
C5005,7.35,LOW,APPROVE,None (Low Risk)
C5006,39.9,MEDIUM,MANUAL_REVIEW,"fraud_history_flag, digital_risk_score, sanctions_flag"
C5007,41.1,MEDIUM,MANUAL_REVIEW,"fraud_history_flag, digital_risk_score, sanctions_flag"
C5008,43.9,MEDIUM,MANUAL_REVIEW,"fraud_history_flag, address_verified, compliance_risk_composite"
C5009,39.75,MEDIUM,MANUAL_REVIEW,"fraud_history_flag, digital_risk_score, compliance_risk_composite"
C5010,16.5,LOW,APPROVE,None (Low Risk)
C5011,9.299999999999999,LOW,APPROVE,None (Low Risk)
C5012,11.25,LOW,APPROVE,None (Low Risk)
C5013,44.35,MEDIUM,MANUAL_REVIEW,"fraud_history_flag, address_verified, compliance_risk_composite"
C5014,42.0,MEDIUM,MANUAL_REVIEW,"fraud_history_flag, digital_risk_score, compliance_risk_composite"
C5015,39.45,MEDIUM,MANUAL_REVIEW,"fraud_history_flag, digital_risk_score, compliance_risk_composite"
C5016,0.75,LOW,APPROVE,None (Low Risk)
C5017,13.799999999999999,LOW,APPROVE,None (Low Risk)
C5018,2.25,LOW,APPROVE,None (Low Risk)
C5019,24.15,LOW,APPROVE,None (Low Risk)
C5020,61.85,MEDIUM,MANUAL_REVIEW,"sanctions_flag, digital_risk_score, account_type_Current"
C5021,44.2,MEDIUM,MANUAL_REVIEW,"fraud_history_flag, address_verified, compliance_risk_composite"
C5022,10.2,LOW,APPROVE,None (Low Risk)
C5023,43.95,MEDIUM,MANUAL_REVIEW,"fraud_history_flag, digital_risk_score, sanctions_flag"
C5024,24.25,LOW,APPROVE,None (Low Risk)
C5025,39.6,MEDIUM,MANUAL_REVIEW,"fraud_history_flag, digital_risk_score, sanctions_flag"
C5026,5.1,LOW,APPROVE,None (Low Risk)
C5027,3.3,LOW,APPROVE,None (Low Risk)
C5028,40.5,MEDIUM,MANUAL_REVIEW,"fraud_history_flag, digital_risk_score, sanctions_flag"
C5029,51.0,MEDIUM,MANUAL_REVIEW,"fraud_history_flag, compliance_risk_composite, sanctions_flag"
C5030,3.75,LOW,APPROVE,None (Low Risk)
C5031,33.9,LOW,APPROVE,None (Low Risk)
C5032,10.049999999999999,LOW,APPROVE,None (Low Risk)
C5033,40.5,MEDIUM,MANUAL_REVIEW,"fraud_history_flag, digital_risk_score, compliance_risk_composite"
C5034,80.0,HIGH,REJECT / EDD,"sanctions_flag, compliance_risk_composite, fraud_history_flag"
C5035,7.6499999999999995,LOW,APPROVE,None (Low Risk)
C5036,3.3,LOW,APPROVE,None (Low Risk)
C5037,2.55,LOW,APPROVE,None (Low Risk)
C5038,52.65,MEDIUM,MANUAL_REVIEW,"fraud_history_flag, sanctions_flag, digital_risk_score"
C5039,2.1,LOW,APPROVE,None (Low Risk)
C5040,38.55,MEDIUM,MANUAL_REVIEW,"fraud_history_flag, digital_risk_score, compliance_risk_composite"
C5041,33.9,LOW,APPROVE,None (Low Risk)
C5042,42.25,MEDIUM,MANUAL_REVIEW,"fraud_history_flag, address_verified, document_completeness_score"
C5043,42.75,MEDIUM,MANUAL_REVIEW,"fraud_history_flag, digital_risk_score, compliance_risk_composite"
C5044,61.4,MEDIUM,MANUAL_REVIEW,"fraud_history_flag, sanctions_flag, digital_risk_score"
C5045,50.75,MEDIUM,MANUAL_REVIEW,"sanctions_flag, compliance_risk_composite, account_type_Current"
C5046,19.45,LOW,APPROVE,None (Low Risk)
C5047,2.6999999999999997,LOW,APPROVE,None (Low Risk)
C5048,100.0,HIGH,REJECT / EDD,"sanctions_flag, compliance_risk_composite, fraud_history_flag"
C5049,13.5,LOW,APPROVE,None (Low Risk)
C5050,9.75,LOW,APPROVE,None (Low Risk)
C5051,14.2,LOW,APPROVE,None (Low Risk)
C5052,7.35,LOW,APPROVE,None (Low Risk)
C5053,37.5,MEDIUM,MANUAL_REVIEW,"fraud_history_flag, digital_risk_score, sanctions_flag"
C5054,55.15,MEDIUM,MANUAL_REVIEW,"fraud_history_flag, sanctions_flag, document_completeness_score"
C5055,7.5,LOW,APPROVE,None (Low Risk)
C5056,43.05,MEDIUM,MANUAL_REVIEW,"fraud_history_flag, digital_risk_score, sanctions_flag"
C5057,41.1,MEDIUM,MANUAL_REVIEW,"fraud_history_flag, digital_risk_score, compliance_risk_composite"
C5058,38.25,MEDIUM,MANUAL_REVIEW,"fraud_history_flag, digital_risk_score, sanctions_flag"
C5059,44.1,MEDIUM,MANUAL_REVIEW,"fraud_history_flag, digital_risk_score, sanctions_flag"
C5060,43.65,MEDIUM,MANUAL_REVIEW,"fraud_history_flag, digital_risk_score, compliance_risk_composite"
C5061,44.85,MEDIUM,MANUAL_REVIEW,"fraud_history_flag, digital_risk_score, compliance_risk_composite"
C5062,10.5,LOW,APPROVE,None (Low Risk)
C5063,24.75,LOW,APPROVE,None (Low Risk)
C5064,23.65,LOW,APPROVE,None (Low Risk)
C5065,12.45,LOW,APPROVE,None (Low Risk)
C5066,45.45,MEDIUM,MANUAL_REVIEW,"fraud_history_flag, compliance_risk_composite, sanctions_flag"
C5067,13.2,LOW,APPROVE,None (Low Risk)
C5068,3.15,LOW,APPROVE,None (Low Risk)
C5069,30.0,LOW,APPROVE,None (Low Risk)
C5070,34.2,LOW,APPROVE,None (Low Risk)
C5071,44.65,MEDIUM,MANUAL_REVIEW,"fraud_history_flag, address_verified, sanctions_flag"
C5072,36.35,MEDIUM,MANUAL_REVIEW,"fraud_history_flag, customer_tenure_years, is_new_customer"
C5073,12.6,LOW,APPROVE,None (Low Risk)
C5074,39.75,MEDIUM,MANUAL_REVIEW,"fraud_history_flag, digital_risk_score, compliance_risk_composite"
C5075,18.1,LOW,APPROVE,None (Low Risk)
C5076,9.15,LOW,APPROVE,None (Low Risk)
C5077,16.05,LOW,APPROVE,None (Low Risk)
C5078,38.95,MEDIUM,MANUAL_REVIEW,"digital_risk_score, age, address_verified"
C5079,2.1,LOW,APPROVE,None (Low Risk)
C5080,32.55,LOW,APPROVE,None (Low Risk)
C5081,41.55,MEDIUM,MANUAL_REVIEW,"fraud_history_flag, digital_risk_score, sanctions_flag"
C5082,34.35,LOW,APPROVE,None (Low Risk)
C5083,3.15,LOW,APPROVE,None (Low Risk)
C5084,13.9,LOW,APPROVE,None (Low Risk)
C5085,14.85,LOW,APPROVE,None (Low Risk)
C5086,45.2,MEDIUM,MANUAL_REVIEW,"fraud_history_flag, digital_risk_score, compliance_risk_composite"
C5087,2.1,LOW,APPROVE,None (Low Risk)
C5088,19.8,LOW,APPROVE,None (Low Risk)
C5089,45.15,MEDIUM,MANUAL_REVIEW,"fraud_history_flag, address_verified, compliance_risk_composite"
C5090,49.3,MEDIUM,MANUAL_REVIEW,"fraud_history_flag, compliance_risk_composite, sanctions_flag"
C5091,13.65,LOW,APPROVE,None (Low Risk)
C5092,29.4,LOW,APPROVE,None (Low Risk)
C5093,24.15,LOW,APPROVE,None (Low Risk)
C5094,13.6,LOW,APPROVE,None (Low Risk)
C5095,1.05,LOW,APPROVE,None (Low Risk)
C5096,52.75,MEDIUM,MANUAL_REVIEW,"fraud_history_flag, compliance_risk_composite, digital_risk_score"
C5097,44.7,MEDIUM,MANUAL_REVIEW,"fraud_history_flag, digital_risk_score, sanctions_flag"
C5098,53.1,MEDIUM,MANUAL_REVIEW,"fraud_history_flag, sanctions_flag, digital_risk_score"
C5099,31.2,LOW,APPROVE,None (Low Risk)
C5100,22.6,LOW,APPROVE,None (Low Risk)
C5101,50.85,MEDIUM,MANUAL_REVIEW,"fraud_history_flag, sanctions_flag, digital_risk_score"
C5102,38.1,MEDIUM,MANUAL_REVIEW,"fraud_history_flag, digital_risk_score, sanctions_flag"
C5103,37.8,MEDIUM,MANUAL_REVIEW,"fraud_history_flag, digital_risk_score, sanctions_flag"
C5104,9.75,LOW,APPROVE,None (Low Risk)
C5105,54.7,MEDIUM,MANUAL_REVIEW,"fraud_history_flag, compliance_risk_composite, digital_risk_score"
C5106,3.15,LOW,APPROVE,None (Low Risk)
C5107,30.6,LOW,APPROVE,None (Low Risk)
C5108,37.35,MEDIUM,MANUAL_REVIEW,"fraud_history_flag, digital_risk_score, compliance_risk_composite"
C5109,37.35,MEDIUM,MANUAL_REVIEW,"fraud_history_flag, digital_risk_score, sanctions_flag"
C5110,2.1,LOW,APPROVE,None (Low Risk)
C5111,14.549999999999999,LOW,APPROVE,None (Low Risk)
C5112,13.2,LOW,APPROVE,None (Low Risk)
C5113,41.05,MEDIUM,MANUAL_REVIEW,"fraud_history_flag, address_verified, compliance_risk_composite"
C5114,33.15,LOW,APPROVE,None (Low Risk)
C5115,41.85,MEDIUM,MANUAL_REVIEW,"fraud_history_flag, digital_risk_score, sanctions_flag"
C5116,8.4,LOW,APPROVE,None (Low Risk)
C5117,29.65,LOW,APPROVE,None (Low Risk)
C5118,10.3,LOW,APPROVE,None (Low Risk)
C5119,11.4,LOW,APPROVE,None (Low Risk)
C5120,6.8999999999999995,LOW,APPROVE,None (Low Risk)
C5121,11.65,LOW,APPROVE,None (Low Risk)
C5122,48.25,MEDIUM,MANUAL_REVIEW,"fraud_history_flag, sanctions_flag, compliance_risk_composite"
C5123,12.15,LOW,APPROVE,None (Low Risk)
C5124,7.35,LOW,APPROVE,None (Low Risk)
C5125,38.4,MEDIUM,MANUAL_REVIEW,"fraud_history_flag, digital_risk_score, compliance_risk_composite"
C5126,43.65,MEDIUM,MANUAL_REVIEW,"fraud_history_flag, digital_risk_score, compliance_risk_composite"
C5127,42.15,MEDIUM,MANUAL_REVIEW,"fraud_history_flag, digital_risk_score, sanctions_flag"
C5128,13.9,LOW,APPROVE,None (Low Risk)
C5129,32.1,LOW,APPROVE,None (Low Risk)
C5130,45.6,MEDIUM,MANUAL_REVIEW,"fraud_history_flag, sanctions_flag, compliance_risk_composite"
C5131,37.8,MEDIUM,MANUAL_REVIEW,"fraud_history_flag, digital_risk_score, sanctions_flag"
C5132,13.3,LOW,APPROVE,None (Low Risk)
C5133,14.25,LOW,APPROVE,None (Low Risk)
C5134,5.3999999999999995,LOW,APPROVE,None (Low Risk)
C5135,35.1,MEDIUM,MANUAL_REVIEW,"fraud_history_flag, sanctions_flag, digital_risk_score"
C5136,37.95,MEDIUM,MANUAL_REVIEW,"fraud_history_flag, digital_risk_score, compliance_risk_composite"
C5137,43.6,MEDIUM,MANUAL_REVIEW,"fraud_history_flag, address_verified, sanctions_flag"
C5138,7.6499999999999995,LOW,APPROVE,None (Low Risk)
C5139,13.65,LOW,APPROVE,None (Low Risk)
C5140,59.4,MEDIUM,MANUAL_REVIEW,"fraud_history_flag, sanctions_flag, digital_risk_score"
C5141,2.4,LOW,APPROVE,None (Low Risk)
C5142,44.7,MEDIUM,MANUAL_REVIEW,"fraud_history_flag, digital_risk_score, compliance_risk_composite"
C5143,5.7,LOW,APPROVE,None (Low Risk)
C5144,90.95,HIGH,REJECT / EDD,"sanctions_flag, compliance_risk_composite, fraud_history_flag"
C5145,2.4,LOW,APPROVE,None (Low Risk)
C5146,6.0,LOW,APPROVE,None (Low Risk)
C5147,38.4,MEDIUM,MANUAL_REVIEW,"fraud_history_flag, digital_risk_score, sanctions_flag"
C5148,38.7,MEDIUM,MANUAL_REVIEW,"fraud_history_flag, digital_risk_score, compliance_risk_composite"
C5149,34.8,LOW,APPROVE,None (Low Risk)
C5150,19.299999999999997,LOW,APPROVE,None (Low Risk)
C5151,46.8,MEDIUM,MANUAL_REVIEW,"fraud_history_flag, sanctions_flag, pep_flag"
C5152,1.3499999999999999,LOW,APPROVE,None (Low Risk)
C5153,24.1,LOW,APPROVE,None (Low Risk)
C5154,20.4,LOW,APPROVE,None (Low Risk)
C5155,15.15,LOW,APPROVE,None (Low Risk)
C5156,45.0,MEDIUM,MANUAL_REVIEW,"fraud_history_flag, digital_risk_score, sanctions_flag"
C5157,4.95,LOW,APPROVE,None (Low Risk)
C5158,30.0,LOW,APPROVE,None (Low Risk)
C5159,1.65,LOW,APPROVE,None (Low Risk)
C5160,1.95,LOW,APPROVE,None (Low Risk)
C5161,43.2,MEDIUM,MANUAL_REVIEW,"fraud_history_flag, digital_risk_score, sanctions_flag"
C5162,2.1,LOW,APPROVE,None (Low Risk)
C5163,40.0,MEDIUM,MANUAL_REVIEW,"fraud_history_flag, address_verified, compliance_risk_composite"
C5164,11.549999999999999,LOW,APPROVE,None (Low Risk)
C5165,4.5,LOW,APPROVE,None (Low Risk)
C5166,43.2,MEDIUM,MANUAL_REVIEW,"fraud_history_flag, digital_risk_score, compliance_risk_composite"
C5167,50.1,MEDIUM,MANUAL_REVIEW,"fraud_history_flag, sanctions_flag, monthly_txn_count"
C5168,47.75,MEDIUM,MANUAL_REVIEW,"fraud_history_flag, digital_risk_score, compliance_risk_composite"
C5169,50.2,MEDIUM,MANUAL_REVIEW,"fraud_history_flag, compliance_risk_composite, sanctions_flag"
C5170,7.5,LOW,APPROVE,None (Low Risk)
C5171,1.7999999999999998,LOW,APPROVE,None (Low Risk)
C5172,44.55,MEDIUM,MANUAL_REVIEW,"fraud_history_flag, digital_risk_score, sanctions_flag"
C5173,11.4,LOW,APPROVE,None (Low Risk)
C5174,0.3,LOW,APPROVE,None (Low Risk)
C5175,20.65,LOW,APPROVE,None (Low Risk)
C5176,35.55,MEDIUM,MANUAL_REVIEW,"fraud_history_flag, digital_risk_score, sanctions_flag"
C5177,16.549999999999997,LOW,APPROVE,None (Low Risk)
C5178,21.75,LOW,APPROVE,None (Low Risk)
C5179,42.0,MEDIUM,MANUAL_REVIEW,"fraud_history_flag, digital_risk_score, sanctions_flag"
C5180,30.6,LOW,APPROVE,None (Low Risk)
C5181,3.3,LOW,APPROVE,None (Low Risk)
C5182,6.1499999999999995,LOW,APPROVE,None (Low Risk)
C5183,8.4,LOW,APPROVE,None (Low Risk)
C5184,41.4,MEDIUM,MANUAL_REVIEW,"fraud_history_flag, digital_risk_score, compliance_risk_composite"
C5185,36.75,MEDIUM,MANUAL_REVIEW,"fraud_history_flag, digital_risk_score, sanctions_flag"
C5186,33.75,LOW,APPROVE,None (Low Risk)
C5187,32.1,LOW,APPROVE,None (Low Risk)
C5188,34.05,LOW,APPROVE,None (Low Risk)
C5189,2.55,LOW,APPROVE,None (Low Risk)
C5190,31.8,LOW,APPROVE,None (Low Risk)
C5191,29.1,LOW,APPROVE,None (Low Risk)
C5192,21.15,LOW,APPROVE,None (Low Risk)
C5193,7.199999999999999,LOW,APPROVE,None (Low Risk)
C5194,36.9,MEDIUM,MANUAL_REVIEW,"fraud_history_flag, digital_risk_score, sanctions_flag"
C5195,53.7,MEDIUM,MANUAL_REVIEW,"fraud_history_flag, sanctions_flag, digital_risk_score"
C5196,15.25,LOW,APPROVE,None (Low Risk)
C5197,8.4,LOW,APPROVE,None (Low Risk)
C5198,10.799999999999999,LOW,APPROVE,None (Low Risk)
C5199,44.55,MEDIUM,MANUAL_REVIEW,"fraud_history_flag, digital_risk_score, sanctions_flag"
C5200,34.05,LOW,APPROVE,None (Low Risk)
C5201,8.7,LOW,APPROVE,None (Low Risk)
C5202,16.75,LOW,APPROVE,None (Low Risk)
C5203,90.6,HIGH,REJECT / EDD,"sanctions_flag, compliance_risk_composite, fraud_history_flag"
C5204,37.65,MEDIUM,MANUAL_REVIEW,"fraud_history_flag, digital_risk_score, sanctions_flag"
C5205,20.7,LOW,APPROVE,None (Low Risk)
C5206,46.3,MEDIUM,MANUAL_REVIEW,"fraud_history_flag, compliance_risk_composite, sanctions_flag"
C5207,57.1,MEDIUM,MANUAL_REVIEW,"fraud_history_flag, sanctions_flag, address_verified"
C5208,57.75,MEDIUM,MANUAL_REVIEW,"fraud_history_flag, sanctions_flag, digital_risk_score"
C5209,8.549999999999999,LOW,APPROVE,None (Low Risk)
C5210,34.35,LOW,APPROVE,None (Low Risk)
C5211,58.85,MEDIUM,MANUAL_REVIEW,"sanctions_flag, account_type_Current, customer_tenure_years"
C5212,12.45,LOW,APPROVE,None (Low Risk)
C5213,1.05,LOW,APPROVE,None (Low Risk)
C5214,33.3,LOW,APPROVE,None (Low Risk)
C5215,5.3999999999999995,LOW,APPROVE,None (Low Risk)
C5216,43.95,MEDIUM,MANUAL_REVIEW,"fraud_history_flag, digital_risk_score, compliance_risk_composite"
C5217,14.7,LOW,APPROVE,None (Low Risk)
C5218,8.7,LOW,APPROVE,None (Low Risk)
C5219,41.85,MEDIUM,MANUAL_REVIEW,"fraud_history_flag, digital_risk_score, sanctions_flag"
C5220,7.199999999999999,LOW,APPROVE,None (Low Risk)
C5221,82.7,HIGH,REJECT / EDD,"sanctions_flag, compliance_risk_composite, fraud_history_flag"
C5222,44.4,MEDIUM,MANUAL_REVIEW,"fraud_history_flag, digital_risk_score, sanctions_flag"
C5223,1.65,LOW,APPROVE,None (Low Risk)
C5224,5.1,LOW,APPROVE,None (Low Risk)
C5225,16.45,LOW,APPROVE,None (Low Risk)
C5226,31.8,LOW,APPROVE,None (Low Risk)
C5227,11.899999999999999,LOW,APPROVE,None (Low Risk)
C5228,36.0,MEDIUM,MANUAL_REVIEW,"fraud_history_flag, digital_risk_score, sanctions_flag"
C5229,22.35,LOW,APPROVE,None (Low Risk)
C5230,40.0,MEDIUM,MANUAL_REVIEW,"fraud_history_flag, address_verified, sanctions_flag"
C5231,43.2,MEDIUM,MANUAL_REVIEW,"fraud_history_flag, digital_risk_score, sanctions_flag"
C5232,8.1,LOW,APPROVE,None (Low Risk)
C5233,43.9,MEDIUM,MANUAL_REVIEW,"fraud_history_flag, address_verified, compliance_risk_composite"
C5234,42.15,MEDIUM,MANUAL_REVIEW,"fraud_history_flag, digital_risk_score, sanctions_flag"
C5235,56.1,MEDIUM,MANUAL_REVIEW,"fraud_history_flag, sanctions_flag, digital_risk_score"
C5236,4.8,LOW,APPROVE,None (Low Risk)
C5237,40.8,MEDIUM,MANUAL_REVIEW,"fraud_history_flag, digital_risk_score, sanctions_flag"
C5238,14.1,LOW,APPROVE,None (Low Risk)
C5239,9.45,LOW,APPROVE,None (Low Risk)
C5240,4.35,LOW,APPROVE,None (Low Risk)
C5241,33.15,LOW,APPROVE,None (Low Risk)
C5242,12.6,LOW,APPROVE,None (Low Risk)
C5243,54.7,MEDIUM,MANUAL_REVIEW,"fraud_history_flag, compliance_risk_composite, digital_risk_score"
C5244,34.5,LOW,APPROVE,None (Low Risk)
C5245,12.75,LOW,APPROVE,None (Low Risk)
C5246,34.05,LOW,APPROVE,None (Low Risk)
C5247,40.0,MEDIUM,MANUAL_REVIEW,"fraud_history_flag, address_verified, sanctions_flag"
C5248,38.25,MEDIUM,MANUAL_REVIEW,"fraud_history_flag, digital_risk_score, sanctions_flag"
C5249,46.9,MEDIUM,MANUAL_REVIEW,"fraud_history_flag, compliance_risk_composite, digital_risk_score"
C5250,1.2,LOW,APPROVE,None (Low Risk)
C5251,31.8,LOW,APPROVE,None (Low Risk)
C5252,34.5,LOW,APPROVE,None (Low Risk)
C5253,34.95,LOW,APPROVE,None (Low Risk)
C5254,30.9,LOW,APPROVE,None (Low Risk)
C5255,24.85,LOW,APPROVE,None (Low Risk)
C5256,33.0,LOW,APPROVE,None (Low Risk)
C5257,27.25,LOW,APPROVE,None (Low Risk)
C5258,30.0,LOW,APPROVE,None (Low Risk)
C5259,16.2,LOW,APPROVE,None (Low Risk)
C5260,12.55,LOW,APPROVE,None (Low Risk)
C5261,20.5,LOW,APPROVE,None (Low Risk)
C5262,38.7,MEDIUM,MANUAL_REVIEW,"fraud_history_flag, digital_risk_score, compliance_risk_composite"
C5263,0.3,LOW,APPROVE,None (Low Risk)
C5264,53.5,MEDIUM,MANUAL_REVIEW,"fraud_history_flag, compliance_risk_composite, sanctions_flag"
C5265,36.3,MEDIUM,MANUAL_REVIEW,"fraud_history_flag, digital_risk_score, sanctions_flag"
C5266,44.7,MEDIUM,MANUAL_REVIEW,"fraud_history_flag, digital_risk_score, sanctions_flag"
C5267,53.95,MEDIUM,MANUAL_REVIEW,"fraud_history_flag, compliance_risk_composite, sanctions_flag"
C5268,45.25,MEDIUM,MANUAL_REVIEW,"fraud_history_flag, compliance_risk_composite, sanctions_flag"
C5269,13.45,LOW,APPROVE,None (Low Risk)
C5270,13.799999999999999,LOW,APPROVE,None (Low Risk)
C5271,1.5,LOW,APPROVE,None (Low Risk)
C5272,51.4,MEDIUM,MANUAL_REVIEW,"fraud_history_flag, compliance_risk_composite, sanctions_flag"
C5273,35.25,MEDIUM,MANUAL_REVIEW,"fraud_history_flag, digital_risk_score, sanctions_flag"
C5274,20.65,LOW,APPROVE,None (Low Risk)
C5275,40.35,MEDIUM,MANUAL_REVIEW,"fraud_history_flag, digital_risk_score, sanctions_flag"
C5276,42.6,MEDIUM,MANUAL_REVIEW,"fraud_history_flag, digital_risk_score, sanctions_flag"
C5277,48.75,MEDIUM,MANUAL_REVIEW,"fraud_history_flag, sanctions_flag, compliance_risk_composite"
C5278,13.799999999999999,LOW,APPROVE,None (Low Risk)
C5279,18.799999999999997,LOW,APPROVE,None (Low Risk)
C5280,43.45,MEDIUM,MANUAL_REVIEW,"fraud_history_flag, address_verified, compliance_risk_composite"
C5281,48.05,MEDIUM,MANUAL_REVIEW,"fraud_history_flag, digital_risk_score, compliance_risk_composite"
C5282,49.45,MEDIUM,MANUAL_REVIEW,"fraud_history_flag, compliance_risk_composite, digital_risk_score"
C5283,45.85,MEDIUM,MANUAL_REVIEW,"fraud_history_flag, compliance_risk_composite, sanctions_flag"
C5284,42.0,MEDIUM,MANUAL_REVIEW,"fraud_history_flag, digital_risk_score, sanctions_flag"
C5285,5.1,LOW,APPROVE,None (Low Risk)
C5286,50.7,MEDIUM,MANUAL_REVIEW,"fraud_history_flag, sanctions_flag, digital_risk_score"
C5287,51.55,MEDIUM,MANUAL_REVIEW,"fraud_history_flag, compliance_risk_composite, digital_risk_score"
C5288,40.95,MEDIUM,MANUAL_REVIEW,"fraud_history_flag, digital_risk_score, compliance_risk_composite"
C5289,14.399999999999999,LOW,APPROVE,None (Low Risk)
C5290,65.5,HIGH,REJECT / EDD,"compliance_risk_composite, fraud_history_flag, customer_tenure_years"
C5291,86.3,HIGH,REJECT / EDD,"sanctions_flag, compliance_risk_composite, fraud_history_flag"
C5292,32.85,LOW,APPROVE,None (Low Risk)
C5293,32.85,LOW,APPROVE,None (Low Risk)
C5294,10.9,LOW,APPROVE,None (Low Risk)
C5295,72.95,HIGH,REJECT / EDD,"sanctions_flag, compliance_risk_composite, adverse_media_flag"
C5296,2.6999999999999997,LOW,APPROVE,None (Low Risk)
C5297,35.4,MEDIUM,MANUAL_REVIEW,"fraud_history_flag, sanctions_flag, digital_risk_score"
C5298,8.549999999999999,LOW,APPROVE,None (Low Risk)
C5299,0.15,LOW,APPROVE,None (Low Risk)
C5300,10.65,LOW,APPROVE,None (Low Risk)
C5301,7.8,LOW,APPROVE,None (Low Risk)
C5302,50.95,MEDIUM,MANUAL_REVIEW,"fraud_history_flag, compliance_risk_composite, digital_risk_score"
C5303,92.15,HIGH,REJECT / EDD,"sanctions_flag, compliance_risk_composite, monthly_txn_count"
C5304,14.1,LOW,APPROVE,None (Low Risk)
C5305,14.549999999999999,LOW,APPROVE,None (Low Risk)
C5306,14.399999999999999,LOW,APPROVE,None (Low Risk)
C5307,40.2,MEDIUM,MANUAL_REVIEW,"fraud_history_flag, digital_risk_score, sanctions_flag"
C5308,36.9,MEDIUM,MANUAL_REVIEW,"fraud_history_flag, digital_risk_score, sanctions_flag"
C5309,16.6,LOW,APPROVE,None (Low Risk)
C5310,51.75,MEDIUM,MANUAL_REVIEW,"fraud_history_flag, sanctions_flag, digital_risk_score"
C5311,24.75,LOW,APPROVE,None (Low Risk)
C5312,20.049999999999997,LOW,APPROVE,None (Low Risk)
C5313,3.4499999999999997,LOW,APPROVE,None (Low Risk)
C5314,42.7,MEDIUM,MANUAL_REVIEW,"fraud_history_flag, address_verified, compliance_risk_composite"
C5315,34.5,LOW,APPROVE,None (Low Risk)
C5316,0.75,LOW,APPROVE,None (Low Risk)
C5317,33.0,LOW,APPROVE,None (Low Risk)
C5318,36.45,MEDIUM,MANUAL_REVIEW,"fraud_history_flag, digital_risk_score, sanctions_flag"
C5319,1.05,LOW,APPROVE,None (Low Risk)
C5320,18.7,LOW,APPROVE,None (Low Risk)
C5321,38.7,MEDIUM,MANUAL_REVIEW,"fraud_history_flag, digital_risk_score, compliance_risk_composite"
C5322,43.2,MEDIUM,MANUAL_REVIEW,"fraud_history_flag, digital_risk_score, sanctions_flag"
C5323,43.85,MEDIUM,MANUAL_REVIEW,"fraud_history_flag, digital_risk_score, sanctions_flag"
C5324,39.6,MEDIUM,MANUAL_REVIEW,"fraud_history_flag, digital_risk_score, compliance_risk_composite"
C5325,40.05,MEDIUM,MANUAL_REVIEW,"fraud_history_flag, digital_risk_score, compliance_risk_composite"
C5326,43.95,MEDIUM,MANUAL_REVIEW,"fraud_history_flag, digital_risk_score, compliance_risk_composite"
C5327,55.25,MEDIUM,MANUAL_REVIEW,"fraud_history_flag, sanctions_flag, is_new_customer"
C5328,9.299999999999999,LOW,APPROVE,None (Low Risk)
C5329,58.85,MEDIUM,MANUAL_REVIEW,"fraud_history_flag, sanctions_flag, age"
C5330,46.1,MEDIUM,MANUAL_REVIEW,"fraud_history_flag, compliance_risk_composite, digital_risk_score"
C5331,41.85,MEDIUM,MANUAL_REVIEW,"fraud_history_flag, digital_risk_score, sanctions_flag"
C5332,21.85,LOW,APPROVE,None (Low Risk)
C5333,37.6,LOW,APPROVE,None (Low Risk)
C5334,44.35,MEDIUM,MANUAL_REVIEW,"fraud_history_flag, address_verified, compliance_risk_composite"
C5335,4.05,LOW,APPROVE,None (Low Risk)
C5336,13.5,LOW,APPROVE,None (Low Risk)
C5337,37.95,MEDIUM,MANUAL_REVIEW,"customer_tenure_years, adverse_media_flag, sanctions_flag"
C5338,39.0,MEDIUM,MANUAL_REVIEW,"fraud_history_flag, digital_risk_score, sanctions_flag"
C5339,0.44999999999999996,LOW,APPROVE,None (Low Risk)
C5340,28.799999999999997,LOW,APPROVE,None (Low Risk)
C5341,54.45,MEDIUM,MANUAL_REVIEW,"fraud_history_flag, sanctions_flag, digital_risk_score"
C5342,4.5,LOW,APPROVE,None (Low Risk)
C5343,42.9,MEDIUM,MANUAL_REVIEW,"fraud_history_flag, digital_risk_score, compliance_risk_composite"
C5344,44.9,MEDIUM,MANUAL_REVIEW,"fraud_history_flag, compliance_risk_composite, digital_risk_score"
C5345,10.5,LOW,APPROVE,None (Low Risk)
C5346,1.5,LOW,APPROVE,None (Low Risk)
C5347,19.75,LOW,APPROVE,None (Low Risk)
C5348,9.75,LOW,APPROVE,None (Low Risk)
C5349,33.6,LOW,APPROVE,None (Low Risk)
C5350,13.3,LOW,APPROVE,None (Low Risk)
C5351,30.45,LOW,APPROVE,None (Low Risk)
C5352,49.6,MEDIUM,MANUAL_REVIEW,"fraud_history_flag, compliance_risk_composite, sanctions_flag"
C5353,35.25,MEDIUM,MANUAL_REVIEW,"fraud_history_flag, sanctions_flag, compliance_risk_composite"
C5354,7.5,LOW,APPROVE,None (Low Risk)
C5355,46.35,MEDIUM,MANUAL_REVIEW,"fraud_history_flag, sanctions_flag, compliance_risk_composite"
C5356,37.95,MEDIUM,MANUAL_REVIEW,"fraud_history_flag, digital_risk_score, compliance_risk_composite"
C5357,4.05,LOW,APPROVE,None (Low Risk)
C5358,46.75,MEDIUM,MANUAL_REVIEW,"fraud_history_flag, compliance_risk_composite, sanctions_flag"
C5359,24.4,LOW,APPROVE,None (Low Risk)
C5360,44.5,MEDIUM,MANUAL_REVIEW,"fraud_history_flag, address_verified, document_completeness_score"
C5361,9.75,LOW,APPROVE,None (Low Risk)
C5362,16.2,LOW,APPROVE,None (Low Risk)
C5363,3.3,LOW,APPROVE,None (Low Risk)
C5364,12.75,LOW,APPROVE,None (Low Risk)
C5365,44.1,MEDIUM,MANUAL_REVIEW,"fraud_history_flag, digital_risk_score, sanctions_flag"
C5366,43.2,MEDIUM,MANUAL_REVIEW,"fraud_history_flag, digital_risk_score, compliance_risk_composite"
C5367,4.5,LOW,APPROVE,None (Low Risk)
C5368,51.9,MEDIUM,MANUAL_REVIEW,"fraud_history_flag, compliance_risk_composite, sanctions_flag"
C5369,3.0,LOW,APPROVE,None (Low Risk)
C5370,25.65,LOW,APPROVE,None (Low Risk)
C5371,53.05,MEDIUM,MANUAL_REVIEW,"fraud_history_flag, compliance_risk_composite, digital_risk_score"
C5372,2.55,LOW,APPROVE,None (Low Risk)
C5373,46.1,MEDIUM,MANUAL_REVIEW,"fraud_history_flag, compliance_risk_composite, sanctions_flag"
C5374,35.7,MEDIUM,MANUAL_REVIEW,"fraud_history_flag, sanctions_flag, digital_risk_score"
C5375,35.4,MEDIUM,MANUAL_REVIEW,"fraud_history_flag, digital_risk_score, sanctions_flag"
C5376,56.35,MEDIUM,MANUAL_REVIEW,"fraud_history_flag, sanctions_flag, address_verified"
C5377,57.75,MEDIUM,MANUAL_REVIEW,"fraud_history_flag, sanctions_flag, age"
C5378,35.85,MEDIUM,MANUAL_REVIEW,"fraud_history_flag, digital_risk_score, compliance_risk_composite"
C5379,8.25,LOW,APPROVE,None (Low Risk)
C5380,32.25,LOW,APPROVE,None (Low Risk)
C5381,23.049999999999997,LOW,APPROVE,None (Low Risk)
C5382,38.55,MEDIUM,MANUAL_REVIEW,"fraud_history_flag, digital_risk_score, sanctions_flag"
C5383,57.9,MEDIUM,MANUAL_REVIEW,"fraud_history_flag, sanctions_flag, digital_risk_score"
C5384,36.4,MEDIUM,MANUAL_REVIEW,"age, digital_risk_score, monthly_txn_count"
C5385,47.5,MEDIUM,MANUAL_REVIEW,"fraud_history_flag, digital_risk_score, compliance_risk_composite"
C5386,39.6,MEDIUM,MANUAL_REVIEW,"fraud_history_flag, digital_risk_score, sanctions_flag"
C5387,4.95,LOW,APPROVE,None (Low Risk)
C5388,36.45,MEDIUM,MANUAL_REVIEW,"fraud_history_flag, digital_risk_score, sanctions_flag"
C5389,63.65,MEDIUM,MANUAL_REVIEW,"sanctions_flag, digital_risk_score, account_type_Current"
C5390,37.2,MEDIUM,MANUAL_REVIEW,"fraud_history_flag, sanctions_flag, compliance_risk_composite"
C5391,44.65,MEDIUM,MANUAL_REVIEW,"fraud_history_flag, address_verified, compliance_risk_composite"
C5392,48.0,MEDIUM,MANUAL_REVIEW,"fraud_history_flag, sanctions_flag, compliance_risk_composite"
C5393,41.25,MEDIUM,MANUAL_REVIEW,"fraud_history_flag, digital_risk_score, compliance_risk_composite"
C5394,43.2,MEDIUM,MANUAL_REVIEW,"fraud_history_flag, digital_risk_score, sanctions_flag"
C5395,19.9,LOW,APPROVE,None (Low Risk)
C5396,58.65,MEDIUM,MANUAL_REVIEW,"fraud_history_flag, sanctions_flag, digital_risk_score"
C5397,12.4,LOW,APPROVE,None (Low Risk)
C5398,50.0,MEDIUM,MANUAL_REVIEW,"fraud_history_flag, digital_risk_score, compliance_risk_composite"
C5399,30.75,LOW,APPROVE,None (Low Risk)
C5400,46.65,MEDIUM,MANUAL_REVIEW,"fraud_history_flag, sanctions_flag, adverse_media_flag"
C5401,39.45,MEDIUM,MANUAL_REVIEW,"fraud_history_flag, digital_risk_score, sanctions_flag"
C5402,51.15,MEDIUM,MANUAL_REVIEW,"fraud_history_flag, sanctions_flag, digital_risk_score"
C5403,28.049999999999997,LOW,APPROVE,None (Low Risk)
C5404,37.05,MEDIUM,MANUAL_REVIEW,"fraud_history_flag, digital_risk_score, sanctions_flag"
C5405,4.2,LOW,APPROVE,None (Low Risk)
C5406,44.95,MEDIUM,MANUAL_REVIEW,"fraud_history_flag, compliance_risk_composite, address_verified"
C5407,9.299999999999999,LOW,APPROVE,None (Low Risk)
C5408,44.7,MEDIUM,MANUAL_REVIEW,"fraud_history_flag, digital_risk_score, sanctions_flag"
C5409,41.25,MEDIUM,MANUAL_REVIEW,"fraud_history_flag, digital_risk_score, sanctions_flag"
C5410,2.6999999999999997,LOW,APPROVE,None (Low Risk)
C5411,32.1,LOW,APPROVE,None (Low Risk)
C5412,50.6,MEDIUM,MANUAL_REVIEW,"fraud_history_flag, sanctions_flag, adverse_media_flag"
C5413,34.95,LOW,APPROVE,None (Low Risk)
C5414,99.8,HIGH,REJECT / EDD,"sanctions_flag, compliance_risk_composite, fraud_history_flag"
C5415,31.5,LOW,APPROVE,None (Low Risk)
C5416,35.1,MEDIUM,MANUAL_REVIEW,"fraud_history_flag, sanctions_flag, compliance_risk_composite"
C5417,15.75,LOW,APPROVE,None (Low Risk)
C5418,44.95,MEDIUM,MANUAL_REVIEW,"fraud_history_flag, address_verified, compliance_risk_composite"
C5419,26.1,LOW,APPROVE,None (Low Risk)
C5420,44.1,MEDIUM,MANUAL_REVIEW,"fraud_history_flag, digital_risk_score, sanctions_flag"
C5421,56.1,MEDIUM,MANUAL_REVIEW,"fraud_history_flag, sanctions_flag, digital_risk_score"
C5422,10.35,LOW,APPROVE,None (Low Risk)
C5423,11.7,LOW,APPROVE,None (Low Risk)
C5424,51.0,MEDIUM,MANUAL_REVIEW,"fraud_history_flag, sanctions_flag, digital_risk_score"
C5425,42.0,MEDIUM,MANUAL_REVIEW,"fraud_history_flag, digital_risk_score, compliance_risk_composite"
C5426,42.25,MEDIUM,MANUAL_REVIEW,"fraud_history_flag, address_verified, compliance_risk_composite"
C5427,38.7,MEDIUM,MANUAL_REVIEW,"fraud_history_flag, digital_risk_score, sanctions_flag"
C5428,44.85,MEDIUM,MANUAL_REVIEW,"fraud_history_flag, digital_risk_score, sanctions_flag"
C5429,43.95,MEDIUM,MANUAL_REVIEW,"fraud_history_flag, digital_risk_score, sanctions_flag"
C5430,15.9,LOW,APPROVE,None (Low Risk)
C5431,3.5999999999999996,LOW,APPROVE,None (Low Risk)
C5432,44.4,MEDIUM,MANUAL_REVIEW,"fraud_history_flag, digital_risk_score, sanctions_flag"
C5433,42.0,MEDIUM,MANUAL_REVIEW,"fraud_history_flag, digital_risk_score, sanctions_flag"
C5434,44.4,MEDIUM,MANUAL_REVIEW,"fraud_history_flag, digital_risk_score, sanctions_flag"
C5435,24.4,LOW,APPROVE,None (Low Risk)
C5436,8.25,LOW,APPROVE,None (Low Risk)
C5437,30.6,LOW,APPROVE,None (Low Risk)
C5438,41.25,MEDIUM,MANUAL_REVIEW,"fraud_history_flag, digital_risk_score, sanctions_flag"
C5439,68.65,HIGH,REJECT / EDD,"compliance_risk_composite, fraud_history_flag, address_verified"
C5440,14.85,LOW,APPROVE,None (Low Risk)
C5441,36.0,MEDIUM,MANUAL_REVIEW,"fraud_history_flag, compliance_risk_composite, digital_risk_score"
C5442,31.95,LOW,APPROVE,None (Low Risk)
C5443,51.4,MEDIUM,MANUAL_REVIEW,"fraud_history_flag, compliance_risk_composite, digital_risk_score"
C5444,5.85,LOW,APPROVE,None (Low Risk)
C5445,34.85,LOW,APPROVE,None (Low Risk)
C5446,9.15,LOW,APPROVE,None (Low Risk)
C5447,36.45,MEDIUM,MANUAL_REVIEW,"fraud_history_flag, digital_risk_score, sanctions_flag"
C5448,31.2,LOW,APPROVE,None (Low Risk)
C5449,39.45,MEDIUM,MANUAL_REVIEW,"fraud_history_flag, digital_risk_score, sanctions_flag"
C5450,7.55,LOW,APPROVE,None (Low Risk)
C5451,26.25,LOW,APPROVE,None (Low Risk)
C5452,67.3,HIGH,REJECT / EDD,"compliance_risk_composite, fraud_history_flag, adverse_media_flag"
C5453,19.15,LOW,APPROVE,None (Low Risk)
C5454,28.049999999999997,LOW,APPROVE,None (Low Risk)
C5455,7.5,LOW,APPROVE,None (Low Risk)
C5456,10.35,LOW,APPROVE,None (Low Risk)
C5457,14.25,LOW,APPROVE,None (Low Risk)
C5458,23.2,LOW,APPROVE,None (Low Risk)
C5459,31.05,LOW,APPROVE,None (Low Risk)
C5460,6.3,LOW,APPROVE,None (Low Risk)
C5461,45.1,MEDIUM,MANUAL_REVIEW,"fraud_history_flag, compliance_risk_composite, sanctions_flag"
C5462,10.2,LOW,APPROVE,None (Low Risk)
C5463,66.75,HIGH,REJECT / EDD,"compliance_risk_composite, fraud_history_flag, pep_flag"
C5464,42.7,MEDIUM,MANUAL_REVIEW,"fraud_history_flag, address_verified, sanctions_flag"
C5465,13.9,LOW,APPROVE,None (Low Risk)
C5466,7.5,LOW,APPROVE,None (Low Risk)
C5467,23.549999999999997,LOW,APPROVE,None (Low Risk)
C5468,31.95,LOW,APPROVE,None (Low Risk)
C5469,47.2,MEDIUM,MANUAL_REVIEW,"fraud_history_flag, compliance_risk_composite, sanctions_flag"
C5470,33.3,LOW,APPROVE,None (Low Risk)
C5471,34.45,LOW,APPROVE,None (Low Risk)
C5472,0.75,LOW,APPROVE,None (Low Risk)
C5473,31.5,LOW,APPROVE,None (Low Risk)
C5474,9.0,LOW,APPROVE,None (Low Risk)
C5475,2.1,LOW,APPROVE,None (Low Risk)
C5476,49.55,MEDIUM,MANUAL_REVIEW,"fraud_history_flag, digital_risk_score, sanctions_flag"
C5477,68.05,HIGH,REJECT / EDD,"compliance_risk_composite, fraud_history_flag, pep_flag"
C5478,14.95,LOW,APPROVE,None (Low Risk)
C5479,3.3,LOW,APPROVE,None (Low Risk)
C5480,43.5,MEDIUM,MANUAL_REVIEW,"fraud_history_flag, digital_risk_score, sanctions_flag"
C5481,47.8,MEDIUM,MANUAL_REVIEW,"fraud_history_flag, compliance_risk_composite, sanctions_flag"
C5482,47.85,MEDIUM,MANUAL_REVIEW,"fraud_history_flag, sanctions_flag, compliance_risk_composite"
C5483,12.1,LOW,APPROVE,None (Low Risk)
C5484,19.0,LOW,APPROVE,None (Low Risk)
C5485,8.85,LOW,APPROVE,None (Low Risk)
C5486,63.65,MEDIUM,MANUAL_REVIEW,"sanctions_flag, monthly_txn_count, compliance_risk_composite"
C5487,1.05,LOW,APPROVE,None (Low Risk)
C5488,36.75,MEDIUM,MANUAL_REVIEW,"fraud_history_flag, digital_risk_score, sanctions_flag"
C5489,13.2,LOW,APPROVE,None (Low Risk)
C5490,53.5,MEDIUM,MANUAL_REVIEW,"fraud_history_flag, compliance_risk_composite, digital_risk_score"
C5491,53.5,MEDIUM,MANUAL_REVIEW,"fraud_history_flag, compliance_risk_composite, sanctions_flag"
C5492,21.0,LOW,APPROVE,None (Low Risk)
C5493,53.45,MEDIUM,MANUAL_REVIEW,"fraud_history_flag, sanctions_flag, is_new_customer"
C5494,14.05,LOW,APPROVE,None (Low Risk)
C5495,33.75,LOW,APPROVE,None (Low Risk)
C5496,47.2,MEDIUM,MANUAL_REVIEW,"fraud_history_flag, compliance_risk_composite, sanctions_flag"
C5497,1.95,LOW,APPROVE,None (Low Risk)
C5498,15.65,LOW,APPROVE,None (Low Risk)
C5499,53.15,MEDIUM,MANUAL_REVIEW,"sanctions_flag, occupation_Cash Business, compliance_risk_composite"
C5500,13.5,LOW,APPROVE,None (Low Risk)
C5501,12.75,LOW,APPROVE,None (Low Risk)
C5502,21.25,LOW,APPROVE,None (Low Risk)
C5503,41.4,MEDIUM,MANUAL_REVIEW,"fraud_history_flag, digital_risk_score, compliance_risk_composite"
C5504,10.049999999999999,LOW,APPROVE,None (Low Risk)
C5505,3.75,LOW,APPROVE,None (Low Risk)
C5506,28.3,LOW,APPROVE,None (Low Risk)
C5507,12.15,LOW,APPROVE,None (Low Risk)
C5508,54.0,MEDIUM,MANUAL_REVIEW,"fraud_history_flag, sanctions_flag, digital_risk_score"
C5509,12.45,LOW,APPROVE,None (Low Risk)
C5510,12.15,LOW,APPROVE,None (Low Risk)
C5511,48.75,MEDIUM,MANUAL_REVIEW,"fraud_history_flag, compliance_risk_composite, sanctions_flag"
C5512,44.85,MEDIUM,MANUAL_REVIEW,"fraud_history_flag, digital_risk_score, compliance_risk_composite"
C5513,34.8,LOW,APPROVE,None (Low Risk)
C5514,10.2,LOW,APPROVE,None (Low Risk)
C5515,39.3,MEDIUM,MANUAL_REVIEW,"fraud_history_flag, digital_risk_score, sanctions_flag"
C5516,16.3,LOW,APPROVE,None (Low Risk)
C5517,33.3,LOW,APPROVE,None (Low Risk)
C5518,11.85,LOW,APPROVE,None (Low Risk)
C5519,35.85,MEDIUM,MANUAL_REVIEW,"fraud_history_flag, digital_risk_score, sanctions_flag"
C5520,9.299999999999999,LOW,APPROVE,None (Low Risk)
C5521,36.75,MEDIUM,MANUAL_REVIEW,"fraud_history_flag, digital_risk_score, sanctions_flag"
C5522,24.4,LOW,APPROVE,None (Low Risk)
C5523,39.3,MEDIUM,MANUAL_REVIEW,"fraud_history_flag, digital_risk_score, compliance_risk_composite"
C5524,10.35,LOW,APPROVE,None (Low Risk)
C5525,3.5999999999999996,LOW,APPROVE,None (Low Risk)
C5526,45.0,MEDIUM,MANUAL_REVIEW,"fraud_history_flag, digital_risk_score, compliance_risk_composite"
C5527,21.85,LOW,APPROVE,None (Low Risk)
C5528,43.35,MEDIUM,MANUAL_REVIEW,"compliance_risk_composite, digital_risk_score, txn_to_income_ratio"
C5529,0.8999999999999999,LOW,APPROVE,None (Low Risk)
C5530,35.55,MEDIUM,MANUAL_REVIEW,"fraud_history_flag, digital_risk_score, sanctions_flag"
C5531,53.7,MEDIUM,MANUAL_REVIEW,"fraud_history_flag, sanctions_flag, digital_risk_score"
C5532,15.0,LOW,APPROVE,None (Low Risk)
C5533,0.3,LOW,APPROVE,None (Low Risk)
C5534,39.15,MEDIUM,MANUAL_REVIEW,"fraud_history_flag, digital_risk_score, sanctions_flag"
C5535,44.25,MEDIUM,MANUAL_REVIEW,"fraud_history_flag, digital_risk_score, sanctions_flag"
C5536,62.05,MEDIUM,MANUAL_REVIEW,"fraud_history_flag, sanctions_flag, digital_risk_score"
C5537,11.549999999999999,LOW,APPROVE,None (Low Risk)
C5538,53.95,MEDIUM,MANUAL_REVIEW,"fraud_history_flag, compliance_risk_composite, sanctions_flag"
C5539,50.65,MEDIUM,MANUAL_REVIEW,"fraud_history_flag, compliance_risk_composite, digital_risk_score"
C5540,34.95,LOW,APPROVE,None (Low Risk)
C5541,28.049999999999997,LOW,APPROVE,None (Low Risk)
C5542,25.799999999999997,LOW,APPROVE,None (Low Risk)
C5543,41.2,MEDIUM,MANUAL_REVIEW,"fraud_history_flag, address_verified, compliance_risk_composite"
C5544,34.2,LOW,APPROVE,None (Low Risk)
C5545,34.95,LOW,APPROVE,None (Low Risk)
C5546,34.05,LOW,APPROVE,None (Low Risk)
C5547,45.95,MEDIUM,MANUAL_REVIEW,"fraud_history_flag, digital_risk_score, sanctions_flag"
C5548,30.45,LOW,APPROVE,None (Low Risk)
C5549,7.199999999999999,LOW,APPROVE,None (Low Risk)
C5550,6.0,LOW,APPROVE,None (Low Risk)
C5551,11.85,LOW,APPROVE,None (Low Risk)
C5552,39.6,MEDIUM,MANUAL_REVIEW,"fraud_history_flag, digital_risk_score, sanctions_flag"
C5553,6.35,LOW,APPROVE,None (Low Risk)
C5554,13.2,LOW,APPROVE,None (Low Risk)
C5555,51.6,MEDIUM,MANUAL_REVIEW,"fraud_history_flag, sanctions_flag, digital_risk_score"
C5556,5.75,LOW,APPROVE,None (Low Risk)
C5557,24.75,LOW,APPROVE,None (Low Risk)
C5558,52.2,MEDIUM,MANUAL_REVIEW,"fraud_history_flag, sanctions_flag, age"
C5559,5.1,LOW,APPROVE,None (Low Risk)
C5560,13.799999999999999,LOW,APPROVE,None (Low Risk)
C5561,56.4,MEDIUM,MANUAL_REVIEW,"fraud_history_flag, sanctions_flag, digital_risk_score"
C5562,35.2,LOW,APPROVE,None (Low Risk)
C5563,41.2,MEDIUM,MANUAL_REVIEW,"fraud_history_flag, address_verified, document_completeness_score"
C5564,31.35,LOW,APPROVE,None (Low Risk)
C5565,41.8,MEDIUM,MANUAL_REVIEW,"fraud_history_flag, address_verified, sanctions_flag"
C5566,41.7,MEDIUM,MANUAL_REVIEW,"fraud_history_flag, digital_risk_score, sanctions_flag"
C5567,2.85,LOW,APPROVE,None (Low Risk)
C5568,0.15,LOW,APPROVE,None (Low Risk)
C5569,39.05,MEDIUM,MANUAL_REVIEW,"fraud_history_flag, customer_tenure_years, sanctions_flag"
C5570,34.05,LOW,APPROVE,None (Low Risk)
C5571,71.7,HIGH,REJECT / EDD,"compliance_risk_composite, fraud_history_flag, occupation_Salaried"
C5572,43.55,MEDIUM,MANUAL_REVIEW,"fraud_history_flag, sanctions_flag, digital_risk_score"
C5573,42.55,MEDIUM,MANUAL_REVIEW,"fraud_history_flag, address_verified, compliance_risk_composite"
C5574,52.05,MEDIUM,MANUAL_REVIEW,"fraud_history_flag, sanctions_flag, digital_risk_score"
C5575,33.6,LOW,APPROVE,None (Low Risk)
C5576,13.049999999999999,LOW,APPROVE,None (Low Risk)
C5577,31.05,LOW,APPROVE,None (Low Risk)
C5578,12.6,LOW,APPROVE,None (Low Risk)
C5579,11.7,LOW,APPROVE,None (Low Risk)
C5580,22.299999999999997,LOW,APPROVE,None (Low Risk)
C5581,44.1,MEDIUM,MANUAL_REVIEW,"fraud_history_flag, digital_risk_score, compliance_risk_composite"
C5582,5.85,LOW,APPROVE,None (Low Risk)
C5583,39.45,MEDIUM,MANUAL_REVIEW,"fraud_history_flag, digital_risk_score, sanctions_flag"
C5584,0.3,LOW,APPROVE,None (Low Risk)
C5585,43.8,MEDIUM,MANUAL_REVIEW,"fraud_history_flag, digital_risk_score, sanctions_flag"
C5586,53.2,MEDIUM,MANUAL_REVIEW,"fraud_history_flag, compliance_risk_composite, digital_risk_score"
C5587,41.55,MEDIUM,MANUAL_REVIEW,"fraud_history_flag, digital_risk_score, sanctions_flag"
C5588,18.75,LOW,APPROVE,None (Low Risk)
C5589,38.4,MEDIUM,MANUAL_REVIEW,"fraud_history_flag, digital_risk_score, sanctions_flag"
C5590,39.15,MEDIUM,MANUAL_REVIEW,"fraud_history_flag, digital_risk_score, compliance_risk_composite"
C5591,15.3,LOW,APPROVE,None (Low Risk)
C5592,31.35,LOW,APPROVE,None (Low Risk)
C5593,46.0,MEDIUM,MANUAL_REVIEW,"fraud_history_flag, compliance_risk_composite, sanctions_flag"
C5594,32.1,LOW,APPROVE,None (Low Risk)
C5595,32.85,LOW,APPROVE,None (Low Risk)
C5596,37.5,MEDIUM,MANUAL_REVIEW,"fraud_history_flag, digital_risk_score, sanctions_flag"
C5597,13.049999999999999,LOW,APPROVE,None (Low Risk)
C5598,44.85,MEDIUM,MANUAL_REVIEW,"fraud_history_flag, digital_risk_score, compliance_risk_composite"
C5599,12.299999999999999,LOW,APPROVE,None (Low Risk)
C5600,8.85,LOW,APPROVE,None (Low Risk)
C5601,45.0,MEDIUM,MANUAL_REVIEW,"fraud_history_flag, digital_risk_score, sanctions_flag"
C5602,13.799999999999999,LOW,APPROVE,None (Low Risk)
C5603,10.799999999999999,LOW,APPROVE,None (Low Risk)
C5604,5.3999999999999995,LOW,APPROVE,None (Low Risk)
C5605,39.9,MEDIUM,MANUAL_REVIEW,"fraud_history_flag, digital_risk_score, sanctions_flag"
C5606,9.9,LOW,APPROVE,None (Low Risk)
C5607,45.85,MEDIUM,MANUAL_REVIEW,"fraud_history_flag, compliance_risk_composite, digital_risk_score"
C5608,26.25,LOW,APPROVE,None (Low Risk)
C5609,5.1,LOW,APPROVE,None (Low Risk)
C5610,40.0,MEDIUM,MANUAL_REVIEW,"fraud_history_flag, address_verified, document_completeness_score"
C5611,42.9,MEDIUM,MANUAL_REVIEW,"fraud_history_flag, digital_risk_score, sanctions_flag"
C5612,8.4,LOW,APPROVE,None (Low Risk)
C5613,6.3,LOW,APPROVE,None (Low Risk)
C5614,8.4,LOW,APPROVE,None (Low Risk)
C5615,10.0,LOW,APPROVE,None (Low Risk)
C5616,19.65,LOW,APPROVE,None (Low Risk)
C5617,49.35,MEDIUM,MANUAL_REVIEW,"fraud_history_flag, compliance_risk_composite, sanctions_flag"
C5618,0.0,LOW,APPROVE,None (Low Risk)
C5619,50.0,MEDIUM,MANUAL_REVIEW,"sanctions_flag, compliance_risk_composite, occupation_Cash Business"
C5620,35.4,MEDIUM,MANUAL_REVIEW,"fraud_history_flag, digital_risk_score, sanctions_flag"
C5621,2.1,LOW,APPROVE,None (Low Risk)
C5622,49.0,MEDIUM,MANUAL_REVIEW,"fraud_history_flag, digital_risk_score, compliance_risk_composite"
C5623,1.65,LOW,APPROVE,None (Low Risk)
C5624,43.35,MEDIUM,MANUAL_REVIEW,"fraud_history_flag, digital_risk_score, sanctions_flag"
C5625,44.7,MEDIUM,MANUAL_REVIEW,"fraud_history_flag, digital_risk_score, sanctions_flag"
C5626,4.2,LOW,APPROVE,None (Low Risk)
C5627,45.5,MEDIUM,MANUAL_REVIEW,"fraud_history_flag, compliance_risk_composite, digital_risk_score"
C5628,25.5,LOW,APPROVE,None (Low Risk)
C5629,11.7,LOW,APPROVE,None (Low Risk)
C5630,43.45,MEDIUM,MANUAL_REVIEW,"fraud_history_flag, address_verified, sanctions_flag"
C5631,41.7,MEDIUM,MANUAL_REVIEW,"fraud_history_flag, digital_risk_score, compliance_risk_composite"
C5632,11.85,LOW,APPROVE,None (Low Risk)
C5633,44.1,MEDIUM,MANUAL_REVIEW,"fraud_history_flag, digital_risk_score, sanctions_flag"
C5634,50.4,MEDIUM,MANUAL_REVIEW,"fraud_history_flag, sanctions_flag, digital_risk_score"
C5635,23.4,LOW,APPROVE,None (Low Risk)
C5636,39.3,MEDIUM,MANUAL_REVIEW,"fraud_history_flag, digital_risk_score, sanctions_flag"
C5637,13.65,LOW,APPROVE,None (Low Risk)
C5638,31.95,LOW,APPROVE,None (Low Risk)
C5639,21.25,LOW,APPROVE,None (Low Risk)
C5640,25.799999999999997,LOW,APPROVE,None (Low Risk)
C5641,15.399999999999999,LOW,APPROVE,None (Low Risk)
C5642,9.299999999999999,LOW,APPROVE,None (Low Risk)
C5643,10.799999999999999,LOW,APPROVE,None (Low Risk)
C5644,81.2,HIGH,REJECT / EDD,"sanctions_flag, compliance_risk_composite, fraud_history_flag"
C5645,3.0,LOW,APPROVE,None (Low Risk)
C5646,17.05,LOW,APPROVE,None (Low Risk)
C5647,30.9,LOW,APPROVE,None (Low Risk)
C5648,35.1,MEDIUM,MANUAL_REVIEW,"fraud_history_flag, sanctions_flag, compliance_risk_composite"
C5649,24.1,LOW,APPROVE,None (Low Risk)
C5650,5.1,LOW,APPROVE,None (Low Risk)
C5651,8.85,LOW,APPROVE,None (Low Risk)
C5652,2.25,LOW,APPROVE,None (Low Risk)
C5653,45.85,MEDIUM,MANUAL_REVIEW,"fraud_history_flag, compliance_risk_composite, sanctions_flag"
C5654,5.3,LOW,APPROVE,None (Low Risk)
C5655,23.049999999999997,LOW,APPROVE,None (Low Risk)
C5656,3.0,LOW,APPROVE,None (Low Risk)
C5657,41.5,MEDIUM,MANUAL_REVIEW,"fraud_history_flag, address_verified, document_completeness_score"
C5658,42.75,MEDIUM,MANUAL_REVIEW,"fraud_history_flag, digital_risk_score, sanctions_flag"
C5659,58.3,MEDIUM,MANUAL_REVIEW,"fraud_history_flag, sanctions_flag, address_verified"
C5660,94.65,HIGH,REJECT / EDD,"sanctions_flag, compliance_risk_composite, fraud_history_flag"
C5661,6.75,LOW,APPROVE,None (Low Risk)
C5662,42.75,MEDIUM,MANUAL_REVIEW,"fraud_history_flag, digital_risk_score, sanctions_flag"
C5663,4.35,LOW,APPROVE,None (Low Risk)
C5664,21.9,LOW,APPROVE,None (Low Risk)
C5665,31.95,LOW,APPROVE,None (Low Risk)
C5666,4.35,LOW,APPROVE,None (Low Risk)
C5667,47.05,MEDIUM,MANUAL_REVIEW,"fraud_history_flag, digital_risk_score, compliance_risk_composite"
C5668,54.0,MEDIUM,MANUAL_REVIEW,"fraud_history_flag, sanctions_flag, digital_risk_score"
C5669,5.7,LOW,APPROVE,None (Low Risk)
C5670,37.35,MEDIUM,MANUAL_REVIEW,"fraud_history_flag, digital_risk_score, sanctions_flag"
C5671,53.35,MEDIUM,MANUAL_REVIEW,"fraud_history_flag, compliance_risk_composite, digital_risk_score"
C5672,56.6,MEDIUM,MANUAL_REVIEW,"fraud_history_flag, sanctions_flag, digital_risk_score"
C5673,20.1,LOW,APPROVE,None (Low Risk)
C5674,37.2,MEDIUM,MANUAL_REVIEW,"fraud_history_flag, digital_risk_score, compliance_risk_composite"
C5675,44.25,MEDIUM,MANUAL_REVIEW,"fraud_history_flag, digital_risk_score, compliance_risk_composite"
C5676,42.25,MEDIUM,MANUAL_REVIEW,"fraud_history_flag, address_verified, document_completeness_score"
C5677,31.7,LOW,APPROVE,None (Low Risk)
C5678,30.75,LOW,APPROVE,None (Low Risk)
C5679,37.35,MEDIUM,MANUAL_REVIEW,"fraud_history_flag, digital_risk_score, compliance_risk_composite"
C5680,44.55,MEDIUM,MANUAL_REVIEW,"fraud_history_flag, digital_risk_score, sanctions_flag"
C5681,5.55,LOW,APPROVE,None (Low Risk)
C5682,38.1,MEDIUM,MANUAL_REVIEW,"fraud_history_flag, digital_risk_score, sanctions_flag"
C5683,10.5,LOW,APPROVE,None (Low Risk)
C5684,60.95,MEDIUM,MANUAL_REVIEW,"sanctions_flag, age, customer_tenure_years"
C5685,32.25,LOW,APPROVE,None (Low Risk)
C5686,30.85,LOW,APPROVE,None (Low Risk)
C5687,6.0,LOW,APPROVE,None (Low Risk)
C5688,30.6,LOW,APPROVE,None (Low Risk)
C5689,40.95,MEDIUM,MANUAL_REVIEW,"fraud_history_flag, digital_risk_score, sanctions_flag"
C5690,44.5,MEDIUM,MANUAL_REVIEW,"fraud_history_flag, address_verified, compliance_risk_composite"
C5691,45.0,MEDIUM,MANUAL_REVIEW,"fraud_history_flag, digital_risk_score, compliance_risk_composite"
C5692,12.6,LOW,APPROVE,None (Low Risk)
C5693,47.05,MEDIUM,MANUAL_REVIEW,"fraud_history_flag, sanctions_flag, compliance_risk_composite"
C5694,0.75,LOW,APPROVE,None (Low Risk)
C5695,29.35,LOW,APPROVE,None (Low Risk)
C5696,4.5,LOW,APPROVE,None (Low Risk)
C5697,7.35,LOW,APPROVE,None (Low Risk)
C5698,31.35,LOW,APPROVE,None (Low Risk)
C5699,3.3,LOW,APPROVE,None (Low Risk)
C5700,42.6,MEDIUM,MANUAL_REVIEW,"fraud_history_flag, digital_risk_score, sanctions_flag"
C5701,6.45,LOW,APPROVE,None (Low Risk)
C5702,51.75,MEDIUM,MANUAL_REVIEW,"fraud_history_flag, sanctions_flag, digital_risk_score"
C5703,42.15,MEDIUM,MANUAL_REVIEW,"fraud_history_flag, digital_risk_score, compliance_risk_composite"
C5704,25.95,LOW,APPROVE,None (Low Risk)
C5705,12.15,LOW,APPROVE,None (Low Risk)
C5706,5.55,LOW,APPROVE,None (Low Risk)
C5707,6.75,LOW,APPROVE,None (Low Risk)
C5708,46.0,MEDIUM,MANUAL_REVIEW,"fraud_history_flag, compliance_risk_composite, sanctions_flag"
C5709,5.3999999999999995,LOW,APPROVE,None (Low Risk)
C5710,21.45,LOW,APPROVE,None (Low Risk)
C5711,1.5,LOW,APPROVE,None (Low Risk)
C5712,95.5,HIGH,REJECT / EDD,"sanctions_flag, compliance_risk_composite, fraud_history_flag"
C5713,31.65,LOW,APPROVE,None (Low Risk)
C5714,58.5,MEDIUM,MANUAL_REVIEW,"fraud_history_flag, sanctions_flag, digital_risk_score"
C5715,54.9,MEDIUM,MANUAL_REVIEW,"fraud_history_flag, sanctions_flag, digital_risk_score"
C5716,33.3,LOW,APPROVE,None (Low Risk)
C5717,18.3,LOW,APPROVE,None (Low Risk)
C5718,13.95,LOW,APPROVE,None (Low Risk)
C5719,19.9,LOW,APPROVE,None (Low Risk)
C5720,42.6,MEDIUM,MANUAL_REVIEW,"fraud_history_flag, digital_risk_score, compliance_risk_composite"
C5721,66.55,MEDIUM,MANUAL_REVIEW,"fraud_history_flag, sanctions_flag, digital_risk_score"
C5722,23.2,LOW,APPROVE,None (Low Risk)
C5723,36.0,MEDIUM,MANUAL_REVIEW,"fraud_history_flag, digital_risk_score, sanctions_flag"
C5724,4.05,LOW,APPROVE,None (Low Risk)
C5725,15.45,LOW,APPROVE,None (Low Risk)
C5726,43.35,MEDIUM,MANUAL_REVIEW,"fraud_history_flag, digital_risk_score, sanctions_flag"
C5727,57.75,MEDIUM,MANUAL_REVIEW,"fraud_history_flag, sanctions_flag, digital_risk_score"
C5728,30.75,LOW,APPROVE,None (Low Risk)
C5729,45.0,MEDIUM,MANUAL_REVIEW,"fraud_history_flag, digital_risk_score, sanctions_flag"
C5730,49.75,MEDIUM,MANUAL_REVIEW,"fraud_history_flag, compliance_risk_composite, digital_risk_score"
C5731,13.799999999999999,LOW,APPROVE,None (Low Risk)
C5732,27.9,LOW,APPROVE,None (Low Risk)
C5733,14.85,LOW,APPROVE,None (Low Risk)
C5734,20.65,LOW,APPROVE,None (Low Risk)
C5735,10.65,LOW,APPROVE,None (Low Risk)
C5736,44.8,MEDIUM,MANUAL_REVIEW,"fraud_history_flag, address_verified, compliance_risk_composite"
C5737,45.75,MEDIUM,MANUAL_REVIEW,"fraud_history_flag, address_verified, compliance_risk_composite"
C5738,32.7,LOW,APPROVE,None (Low Risk)
C5739,24.45,LOW,APPROVE,None (Low Risk)
C5740,33.3,LOW,APPROVE,None (Low Risk)
C5741,49.3,MEDIUM,MANUAL_REVIEW,"fraud_history_flag, compliance_risk_composite, digital_risk_score"
C5742,47.4,MEDIUM,MANUAL_REVIEW,"fraud_history_flag, sanctions_flag, compliance_risk_composite"
C5743,35.55,MEDIUM,MANUAL_REVIEW,"fraud_history_flag, digital_risk_score, sanctions_flag"
C5744,33.9,LOW,APPROVE,None (Low Risk)
C5745,29.85,LOW,APPROVE,None (Low Risk)
C5746,12.25,LOW,APPROVE,None (Low Risk)
C5747,6.3,LOW,APPROVE,None (Low Risk)
C5748,45.0,MEDIUM,MANUAL_REVIEW,"fraud_history_flag, sanctions_flag, pep_flag"
C5749,44.7,MEDIUM,MANUAL_REVIEW,"fraud_history_flag, digital_risk_score, compliance_risk_composite"
C5750,33.45,LOW,APPROVE,None (Low Risk)
C5751,34.8,LOW,APPROVE,None (Low Risk)
C5752,8.75,LOW,APPROVE,None (Low Risk)
C5753,18.5,LOW,APPROVE,None (Low Risk)
C5754,41.1,MEDIUM,MANUAL_REVIEW,"fraud_history_flag, digital_risk_score, compliance_risk_composite"
C5755,34.2,LOW,APPROVE,None (Low Risk)
C5756,52.05,MEDIUM,MANUAL_REVIEW,"fraud_history_flag, sanctions_flag, digital_risk_score"
C5757,40.15,MEDIUM,MANUAL_REVIEW,"fraud_history_flag, address_verified, document_completeness_score"
C5758,29.05,LOW,APPROVE,None (Low Risk)
C5759,36.25,MEDIUM,MANUAL_REVIEW,"digital_risk_score, compliance_risk_composite, document_completeness_score"
C5760,1.95,LOW,APPROVE,None (Low Risk)
C5761,10.0,LOW,APPROVE,None (Low Risk)
C5762,61.65,MEDIUM,MANUAL_REVIEW,"fraud_history_flag, sanctions_flag, document_completeness_score"
C5763,27.299999999999997,LOW,APPROVE,None (Low Risk)
C5764,13.2,LOW,APPROVE,None (Low Risk)
C5765,6.75,LOW,APPROVE,None (Low Risk)
C5766,51.45,MEDIUM,MANUAL_REVIEW,"fraud_history_flag, sanctions_flag, digital_risk_score"
C5767,1.3499999999999999,LOW,APPROVE,None (Low Risk)
C5768,48.6,MEDIUM,MANUAL_REVIEW,"fraud_history_flag, sanctions_flag, compliance_risk_composite"
C5769,53.55,MEDIUM,MANUAL_REVIEW,"fraud_history_flag, sanctions_flag, digital_risk_score"
C5770,40.8,MEDIUM,MANUAL_REVIEW,"fraud_history_flag, digital_risk_score, sanctions_flag"
C5771,34.9,LOW,APPROVE,None (Low Risk)
C5772,33.6,LOW,APPROVE,None (Low Risk)
C5773,11.65,LOW,APPROVE,None (Low Risk)
C5774,45.3,MEDIUM,MANUAL_REVIEW,"fraud_history_flag, sanctions_flag, adverse_media_flag"
C5775,30.4,LOW,APPROVE,None (Low Risk)
C5776,39.45,MEDIUM,MANUAL_REVIEW,"fraud_history_flag, digital_risk_score, compliance_risk_composite"
C5777,7.949999999999999,LOW,APPROVE,None (Low Risk)
C5778,22.65,LOW,APPROVE,None (Low Risk)
C5779,12.0,LOW,APPROVE,None (Low Risk)
C5780,22.6,LOW,APPROVE,None (Low Risk)
C5781,33.3,LOW,APPROVE,None (Low Risk)
C5782,46.45,MEDIUM,MANUAL_REVIEW,"fraud_history_flag, compliance_risk_composite, digital_risk_score"
C5783,40.2,MEDIUM,MANUAL_REVIEW,"fraud_history_flag, digital_risk_score, compliance_risk_composite"
C5784,39.15,MEDIUM,MANUAL_REVIEW,"fraud_history_flag, digital_risk_score, sanctions_flag"
C5785,39.15,MEDIUM,MANUAL_REVIEW,"fraud_history_flag, digital_risk_score, compliance_risk_composite"
C5786,37.95,MEDIUM,MANUAL_REVIEW,"fraud_history_flag, digital_risk_score, sanctions_flag"
C5787,57.0,MEDIUM,MANUAL_REVIEW,"fraud_history_flag, sanctions_flag, digital_risk_score"
C5788,25.0,LOW,APPROVE,None (Low Risk)
C5789,19.299999999999997,LOW,APPROVE,None (Low Risk)
C5790,42.0,MEDIUM,MANUAL_REVIEW,"fraud_history_flag, digital_risk_score, compliance_risk_composite"
C5791,31.8,LOW,APPROVE,None (Low Risk)
C5792,18.25,LOW,APPROVE,None (Low Risk)
C5793,50.95,MEDIUM,MANUAL_REVIEW,"fraud_history_flag, compliance_risk_composite, sanctions_flag"
C5794,4.6499999999999995,LOW,APPROVE,None (Low Risk)
C5795,52.2,MEDIUM,MANUAL_REVIEW,"fraud_history_flag, sanctions_flag, digital_risk_score"
C5796,34.05,LOW,APPROVE,None (Low Risk)
C5797,44.25,MEDIUM,MANUAL_REVIEW,"fraud_history_flag, digital_risk_score, sanctions_flag"
C5798,35.1,MEDIUM,MANUAL_REVIEW,"fraud_history_flag, sanctions_flag, compliance_risk_composite"
C5799,2.6999999999999997,LOW,APPROVE,None (Low Risk)
C5800,52.45,MEDIUM,MANUAL_REVIEW,"fraud_history_flag, compliance_risk_composite, digital_risk_score"
C5801,37.55,MEDIUM,MANUAL_REVIEW,"fraud_history_flag, customer_tenure_years, sanctions_flag"
C5802,33.8,LOW,APPROVE,None (Low Risk)
C5803,11.2,LOW,APPROVE,None (Low Risk)
C5804,3.3,LOW,APPROVE,None (Low Risk)
C5805,23.049999999999997,LOW,APPROVE,None (Low Risk)
C5806,34.65,LOW,APPROVE,None (Low Risk)
C5807,3.0,LOW,APPROVE,None (Low Risk)
C5808,24.299999999999997,LOW,APPROVE,None (Low Risk)
C5809,39.9,MEDIUM,MANUAL_REVIEW,"fraud_history_flag, digital_risk_score, sanctions_flag"
C5810,4.8,LOW,APPROVE,None (Low Risk)
C5811,11.7,LOW,APPROVE,None (Low Risk)
C5812,37.95,MEDIUM,MANUAL_REVIEW,"fraud_history_flag, sanctions_flag, digital_risk_score"
C5813,13.75,LOW,APPROVE,None (Low Risk)
C5814,33.95,LOW,APPROVE,None (Low Risk)
C5815,49.8,MEDIUM,MANUAL_REVIEW,"fraud_history_flag, sanctions_flag, compliance_risk_composite"
C5816,23.799999999999997,LOW,APPROVE,None (Low Risk)
C5817,42.75,MEDIUM,MANUAL_REVIEW,"fraud_history_flag, digital_risk_score, compliance_risk_composite"
C5818,43.05,MEDIUM,MANUAL_REVIEW,"fraud_history_flag, digital_risk_score, compliance_risk_composite"
C5819,2.1,LOW,APPROVE,None (Low Risk)
C5820,38.4,MEDIUM,MANUAL_REVIEW,"fraud_history_flag, digital_risk_score, sanctions_flag"
C5821,9.9,LOW,APPROVE,None (Low Risk)
C5822,40.4,MEDIUM,MANUAL_REVIEW,"fraud_history_flag, sanctions_flag, digital_risk_score"
C5823,30.45,LOW,APPROVE,None (Low Risk)
C5824,2.1,LOW,APPROVE,None (Low Risk)
C5825,50.35,MEDIUM,MANUAL_REVIEW,"fraud_history_flag, compliance_risk_composite, sanctions_flag"
C5826,30.15,LOW,APPROVE,None (Low Risk)
C5827,9.299999999999999,LOW,APPROVE,None (Low Risk)
C5828,24.75,LOW,APPROVE,None (Low Risk)
C5829,4.8,LOW,APPROVE,None (Low Risk)
C5830,37.8,MEDIUM,MANUAL_REVIEW,"fraud_history_flag, digital_risk_score, compliance_risk_composite"
C5831,67.0,MEDIUM,MANUAL_REVIEW,"fraud_history_flag, sanctions_flag, digital_risk_score"
C5832,19.05,LOW,APPROVE,None (Low Risk)
C5833,5.3999999999999995,LOW,APPROVE,None (Low Risk)
C5834,46.5,MEDIUM,MANUAL_REVIEW,"fraud_history_flag, sanctions_flag, pep_flag"
C5835,34.5,LOW,APPROVE,None (Low Risk)
C5836,12.25,LOW,APPROVE,None (Low Risk)
C5837,38.55,MEDIUM,MANUAL_REVIEW,"fraud_history_flag, digital_risk_score, sanctions_flag"
C5838,15.0,LOW,APPROVE,None (Low Risk)
C5839,12.0,LOW,APPROVE,None (Low Risk)
C5840,51.4,MEDIUM,MANUAL_REVIEW,"fraud_history_flag, compliance_risk_composite, sanctions_flag"
C5841,35.55,MEDIUM,MANUAL_REVIEW,"fraud_history_flag, sanctions_flag, digital_risk_score"
C5842,17.7,LOW,APPROVE,None (Low Risk)
C5843,3.9,LOW,APPROVE,None (Low Risk)
C5844,64.4,MEDIUM,MANUAL_REVIEW,"fraud_history_flag, sanctions_flag, digital_risk_score"
C5845,5.25,LOW,APPROVE,None (Low Risk)
C5846,5.55,LOW,APPROVE,None (Low Risk)
C5847,5.25,LOW,APPROVE,None (Low Risk)
C5848,25.95,LOW,APPROVE,None (Low Risk)
C5849,48.8,MEDIUM,MANUAL_REVIEW,"fraud_history_flag, digital_risk_score, sanctions_flag"
C5850,46.6,MEDIUM,MANUAL_REVIEW,"fraud_history_flag, digital_risk_score, compliance_risk_composite"
C5851,6.1499999999999995,LOW,APPROVE,None (Low Risk)
C5852,37.8,MEDIUM,MANUAL_REVIEW,"fraud_history_flag, digital_risk_score, sanctions_flag"
C5853,47.65,MEDIUM,MANUAL_REVIEW,"fraud_history_flag, compliance_risk_composite, sanctions_flag"
C5854,58.65,MEDIUM,MANUAL_REVIEW,"fraud_history_flag, sanctions_flag, digital_risk_score"
C5855,34.2,LOW,APPROVE,None (Low Risk)
C5856,88.4,HIGH,REJECT / EDD,"sanctions_flag, compliance_risk_composite, fraud_history_flag"
C5857,58.35,MEDIUM,MANUAL_REVIEW,"fraud_history_flag, sanctions_flag, digital_risk_score"
C5858,56.8,MEDIUM,MANUAL_REVIEW,"fraud_history_flag, sanctions_flag, address_verified"
C5859,9.0,LOW,APPROVE,None (Low Risk)
C5860,68.05,MEDIUM,MANUAL_REVIEW,"fraud_history_flag, sanctions_flag, digital_risk_score"
C5861,21.0,LOW,APPROVE,None (Low Risk)
C5862,14.05,LOW,APPROVE,None (Low Risk)
C5863,13.2,LOW,APPROVE,None (Low Risk)
C5864,41.05,MEDIUM,MANUAL_REVIEW,"fraud_history_flag, address_verified, compliance_risk_composite"
C5865,33.45,LOW,APPROVE,None (Low Risk)
C5866,41.65,MEDIUM,MANUAL_REVIEW,"fraud_history_flag, address_verified, document_completeness_score"
C5867,2.1,LOW,APPROVE,None (Low Risk)
C5868,1.65,LOW,APPROVE,None (Low Risk)
C5869,8.85,LOW,APPROVE,None (Low Risk)
C5870,40.1,MEDIUM,MANUAL_REVIEW,"fraud_history_flag, sanctions_flag, compliance_risk_composite"
C5871,8.549999999999999,LOW,APPROVE,None (Low Risk)
C5872,38.25,MEDIUM,MANUAL_REVIEW,"fraud_history_flag, digital_risk_score, sanctions_flag"
C5873,18.85,LOW,APPROVE,None (Low Risk)
C5874,43.65,MEDIUM,MANUAL_REVIEW,"fraud_history_flag, digital_risk_score, compliance_risk_composite"
C5875,56.05,MEDIUM,MANUAL_REVIEW,"fraud_history_flag, sanctions_flag, age"
C5876,31.65,LOW,APPROVE,None (Low Risk)
C5877,1.65,LOW,APPROVE,None (Low Risk)
C5878,9.75,LOW,APPROVE,None (Low Risk)
C5879,37.35,MEDIUM,MANUAL_REVIEW,"fraud_history_flag, digital_risk_score, sanctions_flag"
C5880,43.2,MEDIUM,MANUAL_REVIEW,"fraud_history_flag, digital_risk_score, compliance_risk_composite"
C5881,30.3,LOW,APPROVE,None (Low Risk)
C5882,21.75,LOW,APPROVE,None (Low Risk)
C5883,7.5,LOW,APPROVE,None (Low Risk)
C5884,32.7,LOW,APPROVE,None (Low Risk)
C5885,13.6,LOW,APPROVE,None (Low Risk)
C5886,9.45,LOW,APPROVE,None (Low Risk)
C5887,88.55,HIGH,REJECT / EDD,"sanctions_flag, compliance_risk_composite, fraud_history_flag"
C5888,32.8,LOW,APPROVE,None (Low Risk)
C5889,44.65,MEDIUM,MANUAL_REVIEW,"fraud_history_flag, address_verified, compliance_risk_composite"
C5890,57.9,MEDIUM,MANUAL_REVIEW,"fraud_history_flag, sanctions_flag, digital_risk_score"
C5891,11.8,LOW,APPROVE,None (Low Risk)
C5892,52.9,MEDIUM,MANUAL_REVIEW,"fraud_history_flag, compliance_risk_composite, sanctions_flag"
C5893,45.1,MEDIUM,MANUAL_REVIEW,"fraud_history_flag, compliance_risk_composite, sanctions_flag"
C5894,2.85,LOW,APPROVE,None (Low Risk)
C5895,40.8,MEDIUM,MANUAL_REVIEW,"fraud_history_flag, digital_risk_score, sanctions_flag"
C5896,51.15,MEDIUM,MANUAL_REVIEW,"fraud_history_flag, sanctions_flag, digital_risk_score"
C5897,88.7,HIGH,REJECT / EDD,"sanctions_flag, compliance_risk_composite, fraud_history_flag"
C5898,11.549999999999999,LOW,APPROVE,None (Low Risk)
C5899,44.95,MEDIUM,MANUAL_REVIEW,"fraud_history_flag, address_verified, compliance_risk_composite"
C5900,12.0,LOW,APPROVE,None (Low Risk)
C5901,41.55,MEDIUM,MANUAL_REVIEW,"fraud_history_flag, digital_risk_score, sanctions_flag"
C5902,3.0,LOW,APPROVE,None (Low Risk)
C5903,1.3499999999999999,LOW,APPROVE,None (Low Risk)
C5904,32.8,LOW,APPROVE,None (Low Risk)
C5905,39.0,MEDIUM,MANUAL_REVIEW,"fraud_history_flag, digital_risk_score, sanctions_flag"
C5906,39.9,MEDIUM,MANUAL_REVIEW,"fraud_history_flag, compliance_risk_composite, digital_risk_score"
C5907,17.25,LOW,APPROVE,None (Low Risk)
C5908,8.1,LOW,APPROVE,None (Low Risk)
C5909,37.65,MEDIUM,MANUAL_REVIEW,"compliance_risk_composite, txn_to_income_ratio, occupation_Cash Business"
C5910,9.6,LOW,APPROVE,None (Low Risk)
C5911,38.9,MEDIUM,MANUAL_REVIEW,"fraud_history_flag, customer_tenure_years, is_new_customer"
C5912,5.7,LOW,APPROVE,None (Low Risk)
C5913,19.35,LOW,APPROVE,None (Low Risk)
C5914,58.5,MEDIUM,MANUAL_REVIEW,"fraud_history_flag, sanctions_flag, digital_risk_score"
C5915,3.15,LOW,APPROVE,None (Low Risk)
C5916,6.3,LOW,APPROVE,None (Low Risk)
C5917,1.65,LOW,APPROVE,None (Low Risk)
C5918,36.9,MEDIUM,MANUAL_REVIEW,"fraud_history_flag, digital_risk_score, sanctions_flag"
C5919,57.6,MEDIUM,MANUAL_REVIEW,"fraud_history_flag, sanctions_flag, digital_risk_score"
C5920,25.5,LOW,APPROVE,None (Low Risk)
C5921,23.799999999999997,LOW,APPROVE,None (Low Risk)
C5922,50.55,MEDIUM,MANUAL_REVIEW,"fraud_history_flag, sanctions_flag, digital_risk_score"
C5923,34.35,LOW,APPROVE,None (Low Risk)
C5924,100.0,HIGH,REJECT / EDD,"sanctions_flag, compliance_risk_composite, fraud_history_flag"
C5925,21.25,LOW,APPROVE,None (Low Risk)
C5926,34.2,LOW,APPROVE,None (Low Risk)
C5927,61.45,MEDIUM,MANUAL_REVIEW,"fraud_history_flag, sanctions_flag, digital_risk_score"
C5928,31.5,LOW,APPROVE,None (Low Risk)
C5929,21.1,LOW,APPROVE,None (Low Risk)
C5930,39.15,MEDIUM,MANUAL_REVIEW,"fraud_history_flag, digital_risk_score, compliance_risk_composite"
C5931,43.5,MEDIUM,MANUAL_REVIEW,"fraud_history_flag, digital_risk_score, compliance_risk_composite"
C5932,34.5,LOW,APPROVE,None (Low Risk)
C5933,28.049999999999997,LOW,APPROVE,None (Low Risk)
C5934,12.75,LOW,APPROVE,None (Low Risk)
C5935,28.3,LOW,APPROVE,None (Low Risk)
C5936,31.95,LOW,APPROVE,None (Low Risk)
C5937,57.45,MEDIUM,MANUAL_REVIEW,"fraud_history_flag, sanctions_flag, digital_risk_score"
C5938,41.85,MEDIUM,MANUAL_REVIEW,"fraud_history_flag, digital_risk_score, sanctions_flag"
C5939,52.65,MEDIUM,MANUAL_REVIEW,"fraud_history_flag, sanctions_flag, digital_risk_score"
C5940,37.35,MEDIUM,MANUAL_REVIEW,"fraud_history_flag, digital_risk_score, sanctions_flag"
C5941,3.5999999999999996,LOW,APPROVE,None (Low Risk)
C5942,43.05,MEDIUM,MANUAL_REVIEW,"fraud_history_flag, digital_risk_score, compliance_risk_composite"
C5943,12.6,LOW,APPROVE,None (Low Risk)
C5944,40.8,MEDIUM,MANUAL_REVIEW,"fraud_history_flag, digital_risk_score, compliance_risk_composite"
C5945,38.1,MEDIUM,MANUAL_REVIEW,"fraud_history_flag, digital_risk_score, sanctions_flag"
C5946,43.65,MEDIUM,MANUAL_REVIEW,"fraud_history_flag, digital_risk_score, compliance_risk_composite"
C5947,16.9,LOW,APPROVE,None (Low Risk)
C5948,5.7,LOW,APPROVE,None (Low Risk)
C5949,33.15,LOW,APPROVE,None (Low Risk)
C5950,22.0,LOW,APPROVE,None (Low Risk)
C5951,7.8,LOW,APPROVE,None (Low Risk)
C5952,17.05,LOW,APPROVE,None (Low Risk)
C5953,1.3499999999999999,LOW,APPROVE,None (Low Risk)
C5954,47.3,MEDIUM,MANUAL_REVIEW,"fraud_history_flag, digital_risk_score, compliance_risk_composite"
C5955,27.0,LOW,APPROVE,None (Low Risk)
C5956,54.45,MEDIUM,MANUAL_REVIEW,"fraud_history_flag, sanctions_flag, digital_risk_score"
C5957,1.7999999999999998,LOW,APPROVE,None (Low Risk)
C5958,30.9,LOW,APPROVE,None (Low Risk)
C5959,3.5999999999999996,LOW,APPROVE,None (Low Risk)
C5960,4.95,LOW,APPROVE,None (Low Risk)
C5961,15.35,LOW,APPROVE,None (Low Risk)
C5962,4.2,LOW,APPROVE,None (Low Risk)
C5963,20.35,LOW,APPROVE,None (Low Risk)
C5964,30.75,LOW,APPROVE,None (Low Risk)
C5965,52.35,MEDIUM,MANUAL_REVIEW,"fraud_history_flag, sanctions_flag, digital_risk_score"
C5966,44.8,MEDIUM,MANUAL_REVIEW,"fraud_history_flag, address_verified, sanctions_flag"
C5967,51.1,MEDIUM,MANUAL_REVIEW,"fraud_history_flag, digital_risk_score, compliance_risk_composite"
C5968,32.95,LOW,APPROVE,None (Low Risk)
C5969,8.549999999999999,LOW,APPROVE,None (Low Risk)
C5970,42.0,MEDIUM,MANUAL_REVIEW,"fraud_history_flag, digital_risk_score, sanctions_flag"
C5971,44.4,MEDIUM,MANUAL_REVIEW,"fraud_history_flag, digital_risk_score, sanctions_flag"
C5972,14.549999999999999,LOW,APPROVE,None (Low Risk)
C5973,61.65,MEDIUM,MANUAL_REVIEW,"fraud_history_flag, sanctions_flag, adverse_media_flag"
C5974,44.55,MEDIUM,MANUAL_REVIEW,"fraud_history_flag, digital_risk_score, sanctions_flag"
C5975,55.45,MEDIUM,MANUAL_REVIEW,"fraud_history_flag, sanctions_flag, document_completeness_score"
C5976,40.8,MEDIUM,MANUAL_REVIEW,"fraud_history_flag, digital_risk_score, compliance_risk_composite"
C5977,42.6,MEDIUM,MANUAL_REVIEW,"fraud_history_flag, digital_risk_score, compliance_risk_composite"
C5978,34.65,LOW,APPROVE,None (Low Risk)
C5979,38.25,MEDIUM,MANUAL_REVIEW,"fraud_history_flag, digital_risk_score, sanctions_flag"
C5980,32.55,LOW,APPROVE,None (Low Risk)
C5981,7.6499999999999995,LOW,APPROVE,None (Low Risk)
C5982,53.25,MEDIUM,MANUAL_REVIEW,"fraud_history_flag, sanctions_flag, digital_risk_score"
C5983,43.2,MEDIUM,MANUAL_REVIEW,"fraud_history_flag, digital_risk_score, sanctions_flag"
C5984,12.8,LOW,APPROVE,None (Low Risk)
C5985,25.65,LOW,APPROVE,None (Low Risk)
C5986,65.2,MEDIUM,MANUAL_REVIEW,"fraud_history_flag, sanctions_flag, digital_risk_score"
C5987,24.7,LOW,APPROVE,None (Low Risk)
C5988,34.8,LOW,APPROVE,None (Low Risk)
C5989,46.65,MEDIUM,MANUAL_REVIEW,"fraud_history_flag, sanctions_flag, adverse_media_flag"
C5990,41.4,MEDIUM,MANUAL_REVIEW,"fraud_history_flag, digital_risk_score, sanctions_flag"
C5991,9.299999999999999,LOW,APPROVE,None (Low Risk)
C5992,15.85,LOW,APPROVE,None (Low Risk)
C5993,43.2,MEDIUM,MANUAL_REVIEW,"fraud_history_flag, digital_risk_score, compliance_risk_composite"
C5994,34.2,LOW,APPROVE,None (Low Risk)
C5995,37.35,MEDIUM,MANUAL_REVIEW,"fraud_history_flag, digital_risk_score, compliance_risk_composite"
C5996,19.7,LOW,APPROVE,None (Low Risk)
C5997,35.85,MEDIUM,MANUAL_REVIEW,"fraud_history_flag, digital_risk_score, sanctions_flag"
C5998,64.45,MEDIUM,MANUAL_REVIEW,"fraud_history_flag, sanctions_flag, annual_income"
C5999,16.6,LOW,APPROVE,None (Low Risk)
